{"cameraMode":{"drawMode":0,"name":"Shaded","section":"Shading Mode"},"sceneLighting":false,"audioPlay":false,"sceneViewState":{"m_AlwaysRefresh":false,"showFog":true,"showSkybox":false,"showFlares":true,"showImageEffects":true,"showParticleSystems":true,"showVisualEffectGraphs":true,"m_FxEnabled":true},"in2DMode":false,"pivot":{"x":286.4842224121094,"y":457.0460510253906,"z":-282.6107177734375},"rotation":{"x":-0.0077551621943712238,"y":-0.1176258996129036,"z":0.0009189232951030135,"w":-0.9930292963981628},"size":277.3121643066406,"orthographic":false}